{"data":[{"close":[0.004000000189989805,0.004000000189989805,0.004000000189989805,0.004999999888241291,0.004000000189989805,0.004000000189989805,0.0035000001080334187,0.004000000189989805,0.004000000189989805,0.0035000001080334187,0.003000000026077032,0.0035000001080334187,0.003000000026077032,0.003000000026077032,0.003000000026077032,0.004000000189989805,0.004000000189989805,0.004000000189989805,0.004000000189989805,0.0035000001080334187,0.004000000189989805,0.004000000189989805,0.003000000026077032,0.0035000001080334187,0.003000000026077032,0.003000000026077032,0.0035000001080334187,0.004000000189989805,0.0035000001080334187,0.0035000001080334187,0.003000000026077032,0.003000000026077032,0.004000000189989805,0.003000000026077032,0.0035000001080334187,0.0035000001080334187,0.0035000001080334187,0.004000000189989805,0.004000000189989805,0.004000000189989805,0.0035000001080334187,0.004000000189989805,0.004000000189989805,0.003000000026077032,0.003000000026077032,0.003000000026077032,0.003000000026077032,0.003000000026077032,0.003000000026077032,0.003000000026077032,0.004000000189989805,0.003000000026077032,0.004000000189989805,0.003000000026077032,0.003000000026077032,0.003000000026077032,0.003000000026077032,0.0024999999441206455,0.0024999999441206455,0.003000000026077032,0.003000000026077032,0.0024999999441206455,0.0020000000949949026,0.0020000000949949026],"high":[0.004000000189989805,0.004000000189989805,0.004000000189989805,0.004999999888241291,0.004000000189989805,0.004000000189989805,0.004000000189989805,0.004000000189989805,0.004000000189989805,0.004000000189989805,0.004000000189989805,0.003000000026077032,0.003000000026077032,0.003000000026077032,0.003000000026077032,0.004000000189989805,0.004000000189989805,0.004000000189989805,0.004000000189989805,0.004000000189989805,0.004000000189989805,0.004000000189989805,0.003000000026077032,0.003000000026077032,0.003000000026077032,0.004000000189989805,0.003000000026077032,0.004000000189989805,0.003000000026077032,0.003000000026077032,0.003000000026077032,0.003000000026077032,0.004000000189989805,0.004000000189989805,0.004000000189989805,0.003000000026077032,0.004000000189989805,0.004000000189989805,0.004000000189989805,0.004000000189989805,0.003000000026077032,0.004000000189989805,0.004000000189989805,0.003000000026077032,0.003000000026077032,0.003000000026077032,0.003000000026077032,0.003000000026077032,0.004000000189989805,0.003000000026077032,0.004000000189989805,0.004000000189989805,0.004000000189989805,0.004000000189989805,0.003000000026077032,0.003000000026077032,0.003000000026077032,0.0020000000949949026,0.003000000026077032,0.003000000026077032,0.003000000026077032,0.0020000000949949026,0.0020000000949949026,0.0020000000949949026],"low":[0.004000000189989805,0.004000000189989805,0.004000000189989805,0.004000000189989805,0.004000000189989805,0.004000000189989805,0.003000000026077032,0.004000000189989805,0.004000000189989805,0.003000000026077032,0.003000000026077032,0.003000000026077032,0.003000000026077032,0.003000000026077032,0.003000000026077032,0.004000000189989805,0.003000000026077032,0.004000000189989805,0.004000000189989805,0.003000000026077032,0.004000000189989805,0.004000000189989805,0.003000000026077032,0.003000000026077032,0.003000000026077032,0.003000000026077032,0.003000000026077032,0.004000000189989805,0.003000000026077032,0.003000000026077032,0.003000000026077032,0.003000000026077032,0.003000000026077032,0.003000000026077032,0.003000000026077032,0.003000000026077032,0.003000000026077032,0.003000000026077032,0.004000000189989805,0.003000000026077032,0.003000000026077032,0.003000000026077032,0.004000000189989805,0.003000000026077032,0.003000000026077032,0.003000000026077032,0.0020000000949949026,0.003000000026077032,0.003000000026077032,0.003000000026077032,0.004000000189989805,0.003000000026077032,0.004000000189989805,0.003000000026077032,0.003000000026077032,0.003000000026077032,0.003000000026077032,0.0020000000949949026,0.0020000000949949026,0.0020000000949949026,0.0020000000949949026,0.0020000000949949026,0.0020000000949949026,0.0020000000949949026],"open":[0.004000000189989805,0.004000000189989805,0.004000000189989805,0.004000000189989805,0.004000000189989805,0.004000000189989805,0.004000000189989805,0.004000000189989805,0.004000000189989805,0.004000000189989805,0.004000000189989805,0.003000000026077032,0.003000000026077032,0.003000000026077032,0.003000000026077032,0.004000000189989805,0.003000000026077032,0.004000000189989805,0.004000000189989805,0.004000000189989805,0.004000000189989805,0.004000000189989805,0.003000000026077032,0.003000000026077032,0.003000000026077032,0.004000000189989805,0.003000000026077032,0.004000000189989805,0.003000000026077032,0.003000000026077032,0.003000000026077032,0.003000000026077032,0.003000000026077032,0.004000000189989805,0.004000000189989805,0.003000000026077032,0.004000000189989805,0.004000000189989805,0.004000000189989805,0.003000000026077032,0.003000000026077032,0.003000000026077032,0.004000000189989805,0.003000000026077032,0.003000000026077032,0.003000000026077032,0.003000000026077032,0.003000000026077032,0.004000000189989805,0.003000000026077032,0.004000000189989805,0.004000000189989805,0.004000000189989805,0.004000000189989805,0.003000000026077032,0.003000000026077032,0.003000000026077032,0.0020000000949949026,0.003000000026077032,0.003000000026077032,0.0020000000949949026,0.0020000000949949026,0.0020000000949949026,0.0020000000949949026],"showlegend":false,"x":["2024-08-06T00:00:00+10:00","2024-08-08T00:00:00+10:00","2024-08-09T00:00:00+10:00","2024-08-12T00:00:00+10:00","2024-08-13T00:00:00+10:00","2024-08-14T00:00:00+10:00","2024-08-16T00:00:00+10:00","2024-08-22T00:00:00+10:00","2024-08-23T00:00:00+10:00","2024-08-26T00:00:00+10:00","2024-08-30T00:00:00+10:00","2024-09-03T00:00:00+10:00","2024-09-04T00:00:00+10:00","2024-09-06T00:00:00+10:00","2024-09-09T00:00:00+10:00","2024-09-10T00:00:00+10:00","2024-09-11T00:00:00+10:00","2024-09-12T00:00:00+10:00","2024-09-13T00:00:00+10:00","2024-09-16T00:00:00+10:00","2024-09-17T00:00:00+10:00","2024-09-18T00:00:00+10:00","2024-09-19T00:00:00+10:00","2024-09-20T00:00:00+10:00","2024-09-27T00:00:00+10:00","2024-09-30T00:00:00+10:00","2024-10-01T00:00:00+10:00","2024-10-07T00:00:00+11:00","2024-10-10T00:00:00+11:00","2024-10-14T00:00:00+11:00","2024-10-15T00:00:00+11:00","2024-10-16T00:00:00+11:00","2024-10-17T00:00:00+11:00","2024-10-21T00:00:00+11:00","2024-10-22T00:00:00+11:00","2024-10-23T00:00:00+11:00","2024-10-24T00:00:00+11:00","2024-10-25T00:00:00+11:00","2024-10-28T00:00:00+11:00","2024-10-29T00:00:00+11:00","2024-10-31T00:00:00+11:00","2024-11-07T00:00:00+11:00","2024-11-11T00:00:00+11:00","2024-11-14T00:00:00+11:00","2024-11-15T00:00:00+11:00","2024-11-18T00:00:00+11:00","2024-11-20T00:00:00+11:00","2024-11-21T00:00:00+11:00","2024-11-22T00:00:00+11:00","2024-11-25T00:00:00+11:00","2024-11-26T00:00:00+11:00","2024-11-27T00:00:00+11:00","2024-11-29T00:00:00+11:00","2024-12-02T00:00:00+11:00","2024-12-03T00:00:00+11:00","2024-12-04T00:00:00+11:00","2024-12-09T00:00:00+11:00","2024-12-11T00:00:00+11:00","2024-12-12T00:00:00+11:00","2024-12-13T00:00:00+11:00","2024-12-16T00:00:00+11:00","2024-12-19T00:00:00+11:00","2024-12-23T00:00:00+11:00","2024-12-24T00:00:00+11:00"],"type":"candlestick","xaxis":"x","yaxis":"y2"},{"showlegend":false,