{"data":[{"close":[0.0020000000949949026,0.0020000000949949026,0.0020000000949949026,0.0024999999441206455,0.0010000000474974513,0.0010000000474974513,0.001500000013038516,0.0010000000474974513,0.0010000000474974513,0.0020000000949949026,0.0010000000474974513,0.0010000000474974513,0.0010000000474974513,0.0010000000474974513,0.0010000000474974513,0.0010000000474974513,0.0010000000474974513,0.001500000013038516,0.0020000000949949026,0.001500000013038516,0.0010000000474974513,0.001500000013038516,0.0010000000474974513,0.0010000000474974513,0.0010000000474974513,0.0010000000474974513,0.0010000000474974513,0.001500000013038516,0.0010000000474974513,0.0010000000474974513,0.0010000000474974513,0.0010000000474974513,0.0010000000474974513,0.0010000000474974513,0.001500000013038516,0.0010000000474974513,0.0010000000474974513,0.0010000000474974513,0.0010000000474974513,0.001500000013038516,0.0010000000474974513,0.0020000000949949026,0.0020000000949949026,0.0020000000949949026,0.0024999999441206455,0.003000000026077032,0.0020000000949949026,0.0010000000474974513,0.0020000000949949026,0.0020000000949949026,0.001500000013038516,0.0010000000474974513,0.0010000000474974513,0.0010000000474974513,0.0010000000474974513,0.0010000000474974513,0.0010000000474974513,0.0010000000474974513,0.0010000000474974513,0.0010000000474974513,0.0010000000474974513,0.0010000000474974513,0.0010000000474974513,0.0010000000474974513,0.0010000000474974513],"high":[0.0020000000949949026,0.0020000000949949026,0.0020000000949949026,0.0024999999441206455,0.0020000000949949026,0.0020000000949949026,0.0010000000474974513,0.0010000000474974513,0.0010000000474974513,0.0020000000949949026,0.0010000000474974513,0.0010000000474974513,0.0010000000474974513,0.0010000000474974513,0.0010000000474974513,0.0010000000474974513,0.0010000000474974513,0.0020000000949949026,0.0020000000949949026,0.0010000000474974513,0.0020000000949949026,0.0020000000949949026,0.0010000000474974513,0.0010000000474974513,0.0010000000474974513,0.0010000000474974513,0.0010000000474974513,0.0020000000949949026,0.0010000000474974513,0.0010000000474974513,0.0010000000474974513,0.0010000000474974513,0.0010000000474974513,0.0010000000474974513,0.0010000000474974513,0.0010000000474974513,0.0010000000474974513,0.0010000000474974513,0.0010000000474974513,0.0020000000949949026,0.0020000000949949026,0.0020000000949949026,0.0020000000949949026,0.0020000000949949026,0.0020000000949949026,0.003000000026077032,0.0020000000949949026,0.0020000000949949026,0.0020000000949949026,0.0020000000949949026,0.0010000000474974513,0.0010000000474974513,0.0010000000474974513,0.0010000000474974513,0.0010000000474974513,0.0010000000474974513,0.0010000000474974513,0.0010000000474974513,0.0010000000474974513,0.0010000000474974513,0.0010000000474974513,0.0010000000474974513,0.0010000000474974513,0.0010000000474974513,0.0010000000474974513],"low":[0.0020000000949949026,0.0020000000949949026,0.0020000000949949026,0.0024999999441206455,0.0010000000474974513,0.0010000000474974513,0.0010000000474974513,0.0010000000474974513,0.0010000000474974513,0.0020000000949949026,0.0010000000474974513,0.0010000000474974513,0.0010000000474974513,0.0010000000474974513,0.0010000000474974513,0.0010000000474974513,0.0010000000474974513,0.0010000000474974513,0.0020000000949949026,0.0010000000474974513,0.0010000000474974513,0.0010000000474974513,0.0010000000474974513,0.0010000000474974513,0.0010000000474974513,0.0010000000474974513,0.0010000000474974513,0.0010000000474974513,0.0010000000474974513,0.0010000000474974513,0.0010000000474974513,0.0010000000474974513,0.0010000000474974513,0.0010000000474974513,0.0010000000474974513,0.0010000000474974513,0.0010000000474974513,0.0010000000474974513,0.0010000000474974513,0.0010000000474974513,0.0010000000474974513,0.0010000000474974513,0.0010000000474974513,0.0020000000949949026,0.0020000000949949026,0.0020000000949949026,0.0020000000949949026,0.0010000000474974513,0.0010000000474974513,0.0020000000949949026,0.0010000000474974513,0.0010000000474974513,0.0010000000474974513,0.0010000000474974513,0.0010000000474974513,0.0010000000474974513,0.0010000000474974513,0.0010000000474974513,0.0010000000474974513,0.0010000000474974513,0.0010000000474974513,0.0010000000474974513,0.0010000000474974513,0.0010000000474974513,0.0010000000474974513],"open":[0.0020000000949949026,0.0020000000949949026,0.0020000000949949026,0.0024999999441206455,0.0020000000949949026,0.0010000000474974513,0.0010000000474974513,0.0010000000474974513,0.0010000000474974513,0.0020000000949949026,0.0010000000474974513,0.0010000000474974513,0.0010000000474974513,0.0010000000474974513,0.0010000000474974513,0.0010000000474974513,0.0010000000474974513,0.0020000000949949026,0.0020000000949949026,0.0010000000474974513,0.0020000000949949026,0.0020000000949949026,0.0010000000474974513,0.0010000000474974513,0.0010000000474974513,0.0010000000474974513,0.0010000000474974513,0.0020000000949949026,0.0010000000474974513,0.0010000000474974513,0.0010000000474974513,0.0010000000474974513,0.0010000000474974513,0.0010000000474974513,0.0010000000474974513,0.0010000000474974513,0.0010000000474974513,0.0010000000474974513,0.0010000000474974513,0.0010000000474974513,0.0020000000949949026,0.0010000000474974513,0.0010000000474974513,0.0020000000949949026,0.0020000000949949026,0.0020000000949949026,0.0020000000949949026,0.0020000000949949026,0.0010000000474974513,0.0020000000949949026,0.0010000000474974513,0.0010000000474974513,0.0010000000474974513,0.0010000000474974513,0.0010000000474974513,0.0010000000474974513,0.0010000000474974513,0.0010000000474974513,0.0010000000474974513,0.0010000000474974513,0.0010000000474974513,0.0010000000474974513,0.0010000000474974513,0.0010000000474974513,0.0010000000474974513],"showlegend":false,"x":["2024-08-01T00:00:00+10:00","2024-08-02T00:00:00+10:00","2024-08-06T00:00:00+10:00","2024-08-07T00:00:00+10:00","2024-08-08T00:00:00+10:00","2024-08-09T00:00:00+10:00","2024-08-13T00:00:00+10:00","2024-08-14T00:00:00+10:00","2024-08-15T00:00:00+10:00","2024-08-19T00:00:00+10:00","2024-08-21T00:00:00+10:00","2024-08-22T00:00:00+10:00","2024-08-23T00:00:00+10:00","2024-09-02T00:00:00+10:00","2024-09-03T00:00:00+10:00","2024-09-04T00:00:00+10:00","2024-09-05T00:00:00+10:00","2024-09-09T00:00:00+10:00","2024-09-16T00:00:00+10:00","2024-09-17T00:00:00+10:00","2024-09-24T00:00:00+10:00","2024-09-30T00:00:00+10:00","2024-10-01T00:00:00+10:00","2024-10-02T00:00:00+10:00","2024-10-03T00:00:00+10:00","2024-10-04T00:00:00+10:00","2024-10-10T00:00:00+11:00","2024-10-17T00:00:00+11:00","2024-10-18T00:00:00+11:00","2024-10-22T00:00:00+11:00","2024-10-24T00:00:00+11:00","2024-10-25T00:00:00+11:00","2024-10-28T00:00:00+11:00","2024-10-29T00:00:00+11:00","2024-10-31T00:00:00+11:00","2024-11-01T00:00:00+11:00","2024-11-04T00:00:00+11:00","2024-11-07T00:00:00+11:00","2024-11-08T00:00:00+11:00","2024-11-11T00:00:00+11:00","2024-11-12T00:00:00+11:00","2024-11-13T00:00:00+11:00","2024-11-14T00:00:00+11:00","2024-11-15T00:00:00+11:00","2024-11-18T00:00:00+11:00","2024-11-19T00:00:00+11:00","2024-11-20T00:00:00+11:00","2024-11-21T00:00:00+11:00","2024-11-22T00:00:00+11:00","2024-11-25T00:00:00+11:00","2024-11-26T00:00:00+11:00","2024-11-27T00:00:00+11:00","2024-11-28T00:00:00+11:00","2024-12-02T00:00:00+11:00","2024-12-03T00:00:00+11:00","2024-12-04T00:00:00+11:00","2024-12-05T00:00:00+11:00","2024-12-09T00:00:00+11:00","2024-12-10T00:00:00+11:00","2024-12-11T00:00:00+11:00","2024-12-12T00:00:00+11:00","2024-12-13T00:00:00+11:00","2024-12-23T00:00:00+11:00","2024-12-24T00:00:00+11:00","2024-12-27T00:00:00+11:00"],"type":"candlestick","xaxis":"x","yaxis":"y2"},{"showlegend":false,