{"data":[{"close":[0.4000000059604645,0.4099999964237213,0.41999998688697815,0.4300000071525574,0.4099999964237213,0.41499999165534973,0.41999998688697815,0.4000000059604645,0.4000000059604645,0.4000000059604645,0.4000000059604645,0.4000000059604645,0.4000000059604645,0.4000000059604645,0.39500001072883606,0.3499999940395355,0.3499999940395355,0.3499999940395355,0.3499999940395355,0.35499998927116394,0.3499999940395355,0.35499998927116394,0.3499999940395355,0.36000001430511475,0.3499999940395355,0.3499999940395355,0.33500000834465027,0.30000001192092896,0.36000001430511475,0.3050000071525574,0.30000001192092896,0.375,0.3799999952316284,0.39500001072883606,0.33000001311302185,0.33000001311302185,0.33000001311302185,0.3449999988079071,0.375,0.38999998569488525,0.38499999046325684,0.38999998569488525,0.3799999952316284,0.38999998569488525,0.39500001072883606,0.38999998569488525,0.38999998569488525,0.36000001430511475,0.44999998807907104,0.44999998807907104,0.44999998807907104,0.45500001311302185,0.45500001311302185,0.46000000834465027,0.4099999964237213,0.4099999964237213,0.4099999964237213,0.4099999964237213,0.4099999964237213,0.41499999165534973,0.42500001192092896,0.4300000071525574,0.4300000071525574,0.45500001311302185,0.4699999988079071,0.5199999809265137,0.5199999809265137,0.5450000166893005,0.5699999928474426,0.6100000143051147,0.6200000047683716,0.6499999761581421,0.6399999856948853,0.625,0.6150000095367432,0.574999988079071,0.5450000166893005,0.5400000214576721,0.4399999976158142,0.4300000071525574,0.4099999964237213,0.38999998569488525,0.4099999964237213,0.42500001192092896,0.38999998569488525],"high":[0.4099999964237213,0.4099999964237213,0.41999998688697815,0.4300000071525574,0.4399999976158142,0.42500001192092896,0.41999998688697815,0.41999998688697815,0.4000000059604645,0.4050000011920929,0.4000000059604645,0.4000000059604645,0.4050000011920929,0.4000000059604645,0.4000000059604645,0.38999998569488525,0.3499999940395355,0.3499999940395355,0.3499999940395355,0.35499998927116394,0.35499998927116394,0.35499998927116394,0.36000001430511475,0.36000001430511475,0.35499998927116394,0.3499999940395355,0.35499998927116394,0.33000001311302185,0.36000001430511475,0.36500000953674316,0.30000001192092896,0.37700000405311584,0.3799999952316284,0.39500001072883606,0.33000001311302185,0.33000001311302185,0.33000001311302185,0.3449999988079071,0.375,0.38999998569488525,0.38499999046325684,0.38999998569488525,0.3799999952316284,0.38999998569488525,0.39500001072883606,0.38999998569488525,0.38999998569488525,0.3799999952316284,0.44999998807907104,0.44999998807907104,0.44999998807907104,0.45500001311302185,0.45500001311302185,0.46000000834465027,0.4099999964237213,0.4099999964237213,0.41499999165534973,0.41499999165534973,0.4099999964237213,0.41499999165534973,0.4300000071525574,0.4300000071525574,0.4300000071525574,0.45500001311302185,0.4699999988079071,0.5199999809265137,0.5199999809265137,0.5450000166893005,0.5699999928474426,0.6100000143051147,0.6200000047683716,0.6499999761581421,0.6800000071525574,0.625,0.6349999904632568,0.6150000095367432,0.5649999976158142,0.5400000214576721,0.4699999988079071,0.4399999976158142,0.4300000071525574,0.4300000071525574,0.4099999964237213,0.42500001192092896,0.4000000059604645],"low":[0.4000000059604645,0.4099999964237213,0.41499999165534973,0.42500001192092896,0.4099999964237213,0.4000000059604645,0.41499999165534973,0.4000000059604645,0.4000000059604645,0.4000000059604645,0.4000000059604645,0.4000000059604645,0.4000000059604645,0.4000000059604645,0.39500001072883606,0.3499999940395355,0.3499999940395355,0.3499999940395355,0.3499999940395355,0.35499998927116394,0.3499999940395355,0.3499999940395355,0.3499999940395355,0.35499998927116394,0.3499999940395355,0.3499999940395355,0.33500000834465027,0.30000001192092896,0.33000001311302185,0.3050000071525574,0.30000001192092896,0.3149999976158142,0.375,0.375,0.33000001311302185,0.3050000071525574,0.33000001311302185,0.3449999988079071,0.36000001430511475,0.38499999046325684,0.38499999046325684,0.38999998569488525,0.3799999952316284,0.38999998569488525,0.36500000953674316,0.38999998569488525,0.38999998569488525,0.36000001430511475,0.3799999952316284,0.4449999928474426,0.44999998807907104,0.45500001311302185,0.45500001311302185,0.46000000834465027,0.4099999964237213,0.4099999964237213,0.4099999964237213,0.4099999964237213,0.4099999964237213,0.41499999165534973,0.42500001192092896,0.42500001192092896,0.4300000071525574,0.44999998807907104,0.4699999988079071,0.47999998927116394,0.5199999809265137,0.5450000166893005,0.5600000023841858,0.5950000286102295,0.6200000047683716,0.6299999952316284,0.6399999856948853,0.6100000143051147,0.6150000095367432,0.574999988079071,0.5400000214576721,0.5400000214576721,0.4300000071525574,0.4300000071525574,0.4099999964237213,0.38999998569488525,0.4099999964237213,0.4099999964237213,0.38999998569488525],"open":[0.4099999964237213,0.4099999964237213,0.41499999165534973,0.42500001192092896,0.4399999976158142,0.41499999165534973,0.41499999165534973,0.41999998688697815,0.4000000059604645,0.4000000059604645,0.4000000059604645,0.4000000059604645,0.4050000011920929,0.4000000059604645,0.4000000059604645,0.38999998569488525,0.3499999940395355,0.3499999940395355,0.3499999940395355,0.35499998927116394,0.3499999940395355,0.3499999940395355,0.36000001430511475,0.35499998927116394,0.3499999940395355,0.3499999940395355,0.3499999940395355,0.33000001311302185,0.33000001311302185,0.36500000953674316,0.30000001192092896,0.3149999976158142,0.3799999952316284,0.375,0.33000001311302185,0.3050000071525574,0.33000001311302185,0.3449999988079071,0.36000001430511475,0.38999998569488525,0.38499999046325684,0.38999998569488525,0.3799999952316284,0.38999998569488525,0.3700000047683716,0.38999998569488525,0.38999998569488525,0.3799999952316284,0.3799999952316284,0.4449999928474426,0.44999998807907104,0.45500001311302185,0.45500001311302185,0.46000000834465027,0.4099999964237213,0.4099999964237213,0.41499999165534973,0.41499999165534973,0.4099999964237213,0.41499999165534973,0.42500001192092896,0.42500001192092896,0.4300000071525574,0.44999998807907104,0.4699999988079071,0.47999998927116394,0.5199999809265137,0.5450000166893005,0.5600000023841858,0.5950000286102295,0.6200000047683716,0.6299999952316284,0.6800000071525574,0.6100000143051147,0.625,0.6150000095367432,0.5649999976158142,0.5400000214576721,0.4699999988079071,0.4399999976158142,0.4300000071525574,0.4300000071525574,0.4099999964237213,0.4099999964237213,0.4000000059604645],"showlegend":false,