{"data":[{"close":[0.014000000432133675,0.013000000268220901,0.013000000268220901,0.012000000104308128,0.010999999940395355,0.012000000104308128,0.012000000104308128,0.012000000104308128,0.012000000104308128,0.012000000104308128,0.013000000268220901,0.013000000268220901,0.013000000268220901,0.012000000104308128,0.012000000104308128,0.013000000268220901,0.012000000104308128,0.012000000104308128,0.014000000432133675,0.014999999664723873,0.014000000432133675,0.013000000268220901,0.012000000104308128,0.013000000268220901,0.012000000104308128,0.012000000104308128,0.012000000104308128,0.013000000268220901,0.012000000104308128,0.012000000104308128,0.010999999940395355,0.012000000104308128,0.012000000104308128,0.012000000104308128,0.013000000268220901,0.012000000104308128,0.012000000104308128,0.013000000268220901,0.012000000104308128,0.010999999940395355,0.010999999940395355,0.010999999940395355,0.010499999858438969,0.009999999776482582,0.012000000104308128,0.010999999940395355,0.012000000104308128,0.012000000104308128,0.012000000104308128,0.010999999940395355,0.010499999858438969,0.010999999940395355,0.009999999776482582,0.009999999776482582,0.008999999612569809,0.009999999776482582,0.008999999612569809,0.009999999776482582,0.009999999776482582,0.010999999940395355,0.011500000022351742,0.010999999940395355,0.010499999858438969,0.010999999940395355,0.009999999776482582,0.010999999940395355,0.012000000104308128,0.010999999940395355,0.013000000268220901,0.014000000432133675,0.014999999664723873,0.014999999664723873,0.013000000268220901,0.012000000104308128,0.010999999940395355,0.012000000104308128,0.012000000104308128,0.013000000268220901,0.012000000104308128],"high":[0.014000000432133675,0.013000000268220901,0.013000000268220901,0.013000000268220901,0.012000000104308128,0.013000000268220901,0.012000000104308128,0.012000000104308128,0.012000000104308128,0.012000000104308128,0.014000000432133675,0.014000000432133675,0.013000000268220901,0.014000000432133675,0.013000000268220901,0.013000000268220901,0.013000000268220901,0.014000000432133675,0.014000000432133675,0.017000000923871994,0.014999999664723873,0.014000000432133675,0.013000000268220901,0.013000000268220901,0.013000000268220901,0.012000000104308128,0.013000000268220901,0.013000000268220901,0.013000000268220901,0.013000000268220901,0.012000000104308128,0.012000000104308128,0.012000000104308128,0.012000000104308128,0.013000000268220901,0.013000000268220901,0.012000000104308128,0.013000000268220901,0.012000000104308128,0.012000000104308128,0.012000000104308128,0.010999999940395355,0.010999999940395355,0.010999999940395355,0.012000000104308128,0.012000000104308128,0.012000000104308128,0.012000000104308128,0.012000000104308128,0.012000000104308128,0.010999999940395355,0.010999999940395355,0.010999999940395355,0.009999999776482582,0.010999999940395355,0.009999999776482582,0.009999999776482582,0.009999999776482582,0.009999999776482582,0.010999999940395355,0.012000000104308128,0.010999999940395355,0.010999999940395355,0.010999999940395355,0.012000000104308128,0.012000000104308128,0.012000000104308128,0.012000000104308128,0.013000000268220901,0.014000000432133675,0.014999999664723873,0.014999999664723873,0.014999999664723873,0.013000000268220901,0.012000000104308128,0.012000000104308128,0.012000000104308128,0.013000000268220901,0.012000000104308128],"low":[0.012000000104308128,0.012000000104308128,0.012000000104308128,0.012000000104308128,0.010999999940395355,0.010999999940395355,0.010999999940395355,0.010999999940395355,0.010999999940395355,0.010999999940395355,0.012000000104308128,0.013000000268220901,0.012000000104308128,0.012000000104308128,0.012000000104308128,0.012000000104308128,0.012000000104308128,0.012000000104308128,0.013000000268220901,0.014000000432133675,0.014000000432133675,0.012000000104308128,0.012000000104308128,0.012000000104308128,0.012000000104308128,0.012000000104308128,0.012000000104308128,0.012000000104308128,0.010999999940395355,0.012000000104308128,0.010999999940395355,0.009999999776482582,0.010999999940395355,0.012000000104308128,0.010999999940395355,0.012000000104308128,0.012000000104308128,0.012000000104308128,0.012000000104308128,0.010999999940395355,0.010999999940395355,0.009999999776482582,0.009999999776482582,0.009999999776482582,0.010999999940395355,0.010999999940395355,0.010999999940395355,0.010999999940395355,0.010999999940395355,0.010999999940395355,0.009999999776482582,0.009999999776482582,0.009999999776482582,0.009999999776482582,0.008999999612569809,0.008999999612569809,0.008999999612569809,0.008999999612569809,0.008999999612569809,0.008999999612569809,0.010999999940395355,0.009999999776482582,0.009999999776482582,0.010999999940395355,0.009999999776482582,0.009999999776482582,0.010999999940395355,0.010999999940395355,0.012000000104308128,0.013000000268220901,0.013000000268220901,0.014000000432133675,0.013000000268220901,0.012000000104308128,0.010999999940395355,0.010999999940395355,0.010999999940395355,0.012000000104308128,0.012000000104308128],"open":[0.014000000432133675,0.013000000268220901,0.013000000268220901,0.012000000104308128,0.012000000104308128,0.012000000104308128,0.012000000104308128,0.012000000104308128,0.012000000104308128,0.012000000104308128,0.012000000104308128,0.013000000268220901,0.013000000268220901,0.014000000432133675,0.013000000268220901,0.012000000104308128,0.012000000104308128,0.013000000268220901,0.013000000268220901,0.014000000432133675,0.014999999664723873,0.014000000432133675,0.013000000268220901,0.012000000104308128,0.013000000268220901,0.012000000104308128,0.013000000268220901,0.013000000268220901,0.012000000104308128,0.012000000104308128,0.010999999940395355,0.012000000104308128,0.012000000104308128,0.012000000104308128,0.012000000104308128,0.013000000268220901,0.012000000104308128,0.012000000104308128,0.012000000104308128,0.012000000104308128,0.012000000104308128,0.010999999940395355,0.010999999940395355,0.010999999940395355,0.012000000104308128,0.012000000104308128,0.010999999940395355,0.010999999940395355,0.012000000104308128,0.010999999940395355,0.010999999940395355,0.010999999940395355,0.010999999940395355,0.009999999776482582,0.009999999776482582,0.008999999612569809,0.008999999612569809,0.009999999776482582,0.008999999612569809,0.009999999776482582,0.010999999940395355,0.010999999940395355,0.010999999940395355,0.010999999940395355,0.010999999940395355,0.009999999776482582,0.010999999940395355,0.010999999940395355,0.012000000104308128,0.013000000268220901,0.014000000432133675,0.014999999664723873,0.014999999664723873,0.013000000268220901,0.012000000104308128,0.012000000104308128,0.012000000104308128,0.012000000104308128,0.012000000104308128],"showlegend":false,