{"data":[{"close":[0.014999999664723873,0.014000000432133675,0.014000000432133675,0.014000000432133675,0.014000000432133675,0.014000000432133675,0.014999999664723873,0.03999999910593033,0.04600000008940697,0.027000000700354576,0.03500000014901161,0.041999999433755875,0.035999998450279236,0.03099999949336052,0.027000000700354576,0.028999999165534973,0.02500000037252903,0.024000000208616257,0.02500000037252903,0.02800000086426735,0.02800000086426735,0.02500000037252903,0.024000000208616257,0.024000000208616257,0.023000000044703484,0.02199999988079071,0.019999999552965164,0.017999999225139618,0.024000000208616257,0.02199999988079071,0.020999999716877937,0.019999999552965164],"high":[0.01600000075995922,0.014000000432133675,0.014000000432133675,0.014000000432133675,0.014000000432133675,0.014000000432133675,0.014999999664723873,0.04500000178813934,0.0560000017285347,0.04500000178813934,0.035999998450279236,0.04500000178813934,0.04399999976158142,0.035999998450279236,0.03200000151991844,0.03200000151991844,0.03099999949336052,0.026000000536441803,0.02800000086426735,0.029999999329447746,0.029999999329447746,0.02800000086426735,0.027000000700354576,0.026000000536441803,0.023000000044703484,0.02500000037252903,0.02199999988079071,0.01899999938905239,0.024000000208616257,0.024000000208616257,0.02500000037252903,0.020999999716877937],"low":[0.014000000432133675,0.014000000432133675,0.013000000268220901,0.013000000268220901,0.014000000432133675,0.014000000432133675,0.014000000432133675,0.01899999938905239,0.03700000047683716,0.027000000700354576,0.02500000037252903,0.03500000014901161,0.03400000184774399,0.029999999329447746,0.026000000536441803,0.02800000086426735,0.02500000037252903,0.023000000044703484,0.024000000208616257,0.023000000044703484,0.027000000700354576,0.02500000037252903,0.024000000208616257,0.024000000208616257,0.023000000044703484,0.02199999988079071,0.019999999552965164,0.01600000075995922,0.01899999938905239,0.02199999988079071,0.020999999716877937,0.01899999938905239],"open":[0.014999999664723873,0.014000000432133675,0.013000000268220901,0.013000000268220901,0.014000000432133675,0.014000000432133675,0.014000000432133675,0.01899999938905239,0.03799999877810478,0.04500000178813934,0.02800000086426735,0.03500000014901161,0.04399999976158142,0.03500000014901161,0.03200000151991844,0.02800000086426735,0.029999999329447746,0.02500000037252903,0.024000000208616257,0.023000000044703484,0.028999999165534973,0.027000000700354576,0.027000000700354576,0.026000000536441803,0.023000000044703484,0.023000000044703484,0.02199999988079071,0.01899999938905239,0.01899999938905239,0.023000000044703484,0.023000000044703484,0.020999999716877937],"showlegend":false,"x":["2024-11-11T00:00:00+11:00","2024-11-12T00:00:00+11:00","2024-11-13T00:00:00+11:00","2024-11-14T00:00:00+11:00","2024-11-15T00:00:00+11:00","2024-11-18T00:00:00+11:00","2024-11-19T00:00:00+11:00","2024-11-21T00:00:00+11:00","2024-11-22T00:00:00+11:00","2024-11-25T00:00:00+11:00","2024-11-26T00:00:00+11:00","2024-11-27T00:00:00+11:00","2024-11-28T00:00:00+11:00","2024-11-29T00:00:00+11:00","2024-12-02T00:00:00+11:00","2024-12-03T00:00:00+11:00","2024-12-04T00:00:00+11:00","2024-12-05T00:00:00+11:00","2024-12-06T00:00:00+11:00","2024-12-09T00:00:00+11:00","2024-12-10T00:00:00+11:00","2024-12-11T00:00:00+11:00","2024-12-12T00:00:00+11:00","2024-12-13T00:00:00+11:00","2024-12-16T00:00:00+11:00","2024-12-17T00:00:00+11:00","2024-12-18T00:00:00+11:00","2024-12-19T00:00:00+11:00","2024-12-20T00:00:00+11:00","2024-12-23T00:00:00+11:00","2024-12-24T00:00:00+11:00","2024-12-27T00:00:00+11:00"],"type":"candlestick","xaxis":"x","yaxis":"y2"},{"showlegend":false,"x":["2024-11-11T00:00:00+11:00","2024-11-12T00:00:00+11:00","2024-11-13T00:00:00+11:00","2024-11-14T00:00:00+11:00","2024-11-15T00:00:00+11:00","2024-11-18T00:00:00+11:00","2024-11-19T00:00:00+11:00","2024-11-21T00:00:00+11:00","2024-11-22T00:00:00+11:00","2024-11-25T00:00:00+11:00","2024-11-26T00:00:00+11:00","2024-11-27T00:00:00+11:00","2024-11-28T00:00:00+11:00","2024-11-29T00:00:00+11:00","2024-12-02T00:00:00+11:00","2024-12-03T00:00:00+11:00","2024-12-04T00:00:00+11:00","2024-12-05T00:00:00+11:00","2024-12-06T00:00:00+11:00","2024-12-09T00:00:00+11:00","2024-12-10T00:00:00+11:00","2024-12-11T00:00:00+11:00","2024-12-12T00:00:00+11:00","2024-12-13T00:00:00+11:00","2024-12-16T00:00:00+11:00","2024-12-17T00:00:00+11:00","2024-12-18T00:00:00+11:00","2024-12-19T00:00:00+11:00","2024-12-20T00:00:00+11:00","2024-12-23T00:00:00+11:00","2024-12-24T00:00:00+11:00","2024-12-27T00:00:00+11:00"],"y":[1757498,134633,427102,938180,1448285,1024643,66730,61108130,27456570,24761400,29491920,23886930,24030240,8605543,9934333,6409392,5999300,2278868,3169862,7922353,3806643,1325629,964150,883433,539294,250710,2597377,1429571,1221184,775306,846005,3359841],"type":"bar","xaxis":"x","yaxis":"y"}],"layout":{"template":{"data":{"histogram2dcontour":[{"type":"histogram2dcontour","colorbar":{"outlinewidth":0,"ticks":""},"colorscale":[[0.0,"#0d0887"],[0.1111111111111111,"#46039f"],[0.2222222222222222,"#7201a8"],[0.3333333333333333,"#9c179e"],[0.4444444444444444,"#bd3786"],[0.5555555555555556,"#d8576b"],[0.6666666666666666,"#ed7953"],[0.7777777777777778,"#fb9f3a"],[0.8888888888888888,"#fdca26"],[1.0,"#f0f921"]]}],"choropleth":[{"type":"choropleth","colorbar":{"outlinewidth":0,"ticks":""}}],"histogram2d":[{"type":"histogram2d","colorbar":{"outlinewidth":0,"ticks":""},"colorscale":[[0.0,"#0d0887"],[0.1111111111111111,"#46039f"],[0.2222222222222222,"#7201a8"],[0.3333333333333333,"#9c179e"],[0.4444444444444444,"#bd3786"],[0.5555555555555556,"#d8576b"],[0.6666666666666666,"#ed7953"],[0.7777777777777778,"#fb9f3a"],[0.8888888888888888,"#fdca26"],[1.0,"#f0f921"]]}],"heatmap":[{"type":"heatmap","colorbar":{"outlinewidth":0,"ticks":""},"colorscale":[[0.0,"#0d0887"],[0.1111111111111111,"#46039f"],[0.2222222222222222,"#7201a8"],[0.3333333333333333,"#9c179e"],[0.4444444444444444,"#bd3786"],[0.5555555555555556,"#d8576b"],[0.6666666666666666,"#ed7953"],[0.7777777777777778,"#fb9f3a"],[0.8888888888888888,"#fdca26"],[1.0,"#f0f921"]]}],"heatmapgl":[{"type":"heatmapgl","colorbar":{"outlinewidth":0,"ticks":""},"colorscale":[[0.0,"#0d0887"],[0.1111111111111111,"#46039f"],[0.2222222222222222,"#7201a8"],[0.3333333333333333,"#9c179e"],[0.4444444444444444,"#bd3786"],[0.5555555555555556,"#d8576b"],[0.6666666666666666,"#ed7953"],[0.7777777777777778,"#fb9f3a"],[0.8888888888888888,"#fdca26"],[1.0,"#f0f921"]]}],"contourcarpet":[{"type":"contourcarpet","colorbar":{"outlinewidth":0,"ticks":""}}],"contour":[{"type":"contour","colorbar":{"outlinewidth":0,"ticks":""},"colorscale":[[0.0,"#0d0887"],[0.1111111111111111,"#46039f"],[0.2222222222222222,"#7201a8"],[0.3333333333333333,"#9c179e"],[0.4444444444444444,"#bd3786"],[0.5555555555555556,"#d8576b"],[0.6666666666666666,"#ed7953"],[0.7777777777777778,"#fb9f3a"],[0.8888888888888888,"#fdca26"],[1.0,"#f0f921"]]}],"surface":[{"type":"surface","colorbar":{"outlinewidth":0,"ticks":""},"colorscale":[[0.0,"#0d0887"],[0.1111111111111111,"#46039f"],[0.2222222222222222,"#7201a8"],[0.3333333333333333,"#9c179e"],[0.4444444444444444,"#bd3786"],[0.5555555555555556,"#d8576b"],[0.6666666666666666,"#ed7953"],[0.7777777777777778,"#fb9f3a"],[0.8888888888888888,"#fdca26"],[1.0,"#f0f921"]]}],"mesh3d":[{"type":"mesh3d","colorbar":{"outlinewidth":0,"ticks":""}}],"scatter":[{"fillpattern":{"fillmode":"overlay","size":10,"solidity":0.2},"type":"scatter"}],"parcoords":[{"type":"parcoords","line":{"colorbar":{"outlinewidth":0,"ticks":""}}}],"scatterpolargl":[{"type":"scatterpolargl","marker":{"colorbar":{"outlinewidth":0,"ticks":""}}}],"bar":[{"error_x":{"color":"#2a3f5f"},"error_y":{"color":"#2a3f5f"},"marker":{"line":{"color":"#E5ECF6","width":0.5},"pattern":{"fillmode":"overlay","size":10,"solidity":0.2}},"type":"bar"}],"scattergeo":[{"type":"scattergeo","marker":{"colorbar":{"outlinewidth":0,"ticks":""}}}],"scatterpolar":[{"type":"scatterpolar","marker":{"colorbar":{"outlinewidth":0,