{"data":[{"close":[0.23499999940395355,0.26499998569488525,0.4650000035762787,0.8949999809265137,1.4500000476837158,1.4500000476837158,0.6800000071525574,1.0499999523162842,0.8299999833106995,0.7200000286102295,0.5799999833106995,0.5799999833106995,0.5350000262260437,0.4399999976158142,0.4099999964237213,0.3199999928474426,0.3400000035762787,0.3400000035762787,0.3050000071525574,0.27000001072883606,0.2849999964237213,0.27000001072883606,0.26499998569488525,0.25999999046325684,0.24500000476837158,0.24500000476837158,0.25,0.25,0.20999999344348907,0.22499999403953552,0.23999999463558197,0.26499998569488525,0.27000001072883606,0.27000001072883606,0.27000001072883606,0.27000001072883606,0.33000001311302185,0.3799999952316284,0.3499999940395355,0.33000001311302185,0.30000001192092896],"high":[0.23999999463558197,0.26499998569488525,0.5,0.8949999809265137,1.5,1.4500000476837158,1.2899999618530273,1.2699999809265137,1.2400000095367432,0.824999988079071,0.7200000286102295,0.6050000190734863,0.6200000047683716,0.5249999761581421,0.5400000214576721,0.4000000059604645,0.35499998927116394,0.4000000059604645,0.3449999988079071,0.3100000023841858,0.2849999964237213,0.2750000059604645,0.27000001072883606,0.26499998569488525,0.25999999046325684,0.25,0.27000001072883606,0.25,0.23999999463558197,0.22499999403953552,0.23999999463558197,0.28999999165534973,0.27000001072883606,0.27000001072883606,0.27000001072883606,0.27000001072883606,0.3400000035762787,0.41999998688697815,0.38999998569488525,0.3400000035762787,0.33000001311302185],"low":[0.20499999821186066,0.23000000417232513,0.2750000059604645,0.4650000035762787,1.0299999713897705,1.4500000476837158,0.5600000023841858,0.6800000071525574,0.800000011920929,0.6650000214576721,0.5699999928474426,0.5249999761581421,0.5199999809265137,0.41999998688697815,0.3799999952316284,0.3199999928474426,0.32499998807907104,0.3199999928474426,0.3050000071525574,0.26499998569488525,0.27000001072883606,0.25999999046325684,0.2549999952316284,0.23499999940395355,0.23000000417232513,0.24500000476837158,0.25,0.25,0.20999999344348907,0.2199999988079071,0.23499999940395355,0.23999999463558197,0.24500000476837158,0.27000001072883606,0.27000001072883606,0.27000001072883606,0.28999999165534973,0.35499998927116394,0.33000001311302185,0.33000001311302185,0.27000001072883606],"open":[0.20499999821186066,0.23000000417232513,0.2750000059604645,0.47999998927116394,1.0299999713897705,1.4500000476837158,1.2899999618530273,0.6800000071525574,1.1100000143051147,0.8199999928474426,0.7149999737739563,0.5799999833106995,0.5849999785423279,0.5249999761581421,0.4950000047683716,0.4000000059604645,0.3400000035762787,0.35499998927116394,0.3449999988079071,0.3050000071525574,0.2750000059604645,0.2750000059604645,0.27000001072883606,0.26499998569488525,0.25999999046325684,0.25,0.27000001072883606,0.25,0.23999999463558197,0.22499999403953552,0.23499999940395355,0.23999999463558197,0.26499998569488525,0.27000001072883606,0.27000001072883606,0.27000001072883606,0.28999999165534973,0.35499998927116394,0.38999998569488525,0.3400000035762787,0.33000001311302185],"showlegend":false,"x":["2024-10-30T00:00:00+11:00","2024-10-31T00:00:00+11:00","2024-11-01T00:00:00+11:00","2024-11-04T00:00:00+11:00","2024-11-05T00:00:00+11:00","2024-11-06T00:00:00+11:00","2024-11-07T00:00:00+11:00","2024-11-08T00:00:00+11:00","2024-11-11T00:00:00+11:00","2024-11-12T00:00:00+11:00","2024-11-13T00:00:00+11:00","2024-11-14T00:00:00+11:00","2024-11-15T00:00:00+11:00","2024-11-18T00:00:00+11:00","2024-11-19T00:00:00+11:00","2024-11-20T00:00:00+11:00","2024-11-21T00:00:00+11:00","2024-11-22T00:00:00+11:00","2024-11-25T00:00:00+11:00","2024-11-26T00:00:00+11:00","2024-11-27T00:00:00+11:00","2024-11-28T00:00:00+11:00","2024-11-29T00:00:00+11:00","2024-12-02T00:00:00+11:00","2024-12-03T00:00:00+11:00","2024-12-04T00:00:00+11:00","2024-12-05T00:00:00+11:00","2024-12-06T00:00:00+11:00","2024-12-09T00:00:00+11:00","2024-12-10T00:00:00+11:00","2024-12-11T00:00:00+11:00","2024-12-12T00:00:00+11:00","2024-12-13T00:00:00+11:00","2024-12-16T00:00:00+11:00","2024-12-17T00:00:00+11:00","2024-12-18T00:00:00+11:00","2024-12-19T00:00:00+11:00","2024-12-20T00:00:00+11:00","2024-12-23T00:00:00+11:00","2024-12-24T00:00:00+11:00","2024-12-27T00:00:00+11:00"],"type":"candlestick","xaxis":"x","yaxis":"y2"},{"showlegend":false,"x":["2024-10-30T00:00:00+11:00","2024-10-31T00:00:00+11:00","2024-11-01T00:00:00+11:00","2024-11-04T00:00:00+11:00","2024-11-05T00:00:00+11:00","2024-11-06T00:00:00+11:00","2024-11-07T00:00:00+11:00","2024-11-08T00:00:00+11:00","2024-11-11T00:00:00+11:00","2024-11-12T00:00:00+11:00","2024-11-13T00:00:00+11:00","2024-11-14T00:00:00+11:00","2024-11-15T00:00:00+11:00","2024-11-18T00:00:00+11:00","2024-11-19T00:00:00+11:00","2024-11-20T00:00:00+11:00","2024-11-21T00:00:00+11:00","2024-11-22T00:00:00+11:00","2024-11-25T00:00:00+11:00","2024-11-26T00:00:00+11:00","2024-11-27T00:00:00+11:00","2024-11-28T00:00:00+11:00","2024-11-29T00:00:00+11:00","2024-12-02T00:00:00+11:00","2024-12-03T00:00:00+11:00","2024-12-04T00:00:00+11:00","2024-12-05T00:00:00+11:00","2024-12-06T00:00:00+11:00","2024-12-09T00:00:00+11:00","2024-12-10T00:00:00+11:00","2024-12-11T00:00:00+11:00","2024-12-12T00:00:00+11:00","2024-12-13T00:00:00+11:00","2024-12-16T00:00:00+11:00","2024-12-17T00:00:00+11:00","2024-12-18T00:00:00+11:00","2024-12-19T00:00:00+11:00","2024-12-20T00:00:00+11:00","2024-12-23T00:00:00+11:00","2024-12-24T00:00:00+11:00","2024-12-27T00:00:00+11:00"],"y":[21361,182083,121676,368800,70118,0,1022214,845653,910697,425218,299016,210306,155758,277328,568089,261265,103226,93098,38191,74134,53454,35681,29654,266655,54483,38246,39923,0,26543,9180,83802,214905,32920,13500,471,10786,45202,45861,102813,2600,37325],"type":"bar","xaxis":"x","yaxis":"y"}],"layout":{"template":{"data":{"histogram2dcontour":[{"type":"histogram2dcontour","colorbar":{"outlinewidth":0,"ticks":""},"colorscale":[[0.0,"#0d0887"],[0.1111111111111111,"#46039f"],[0.2222222222222222,"#7201a8"],[0.3333333333333333,"#9c179e"],[0.4444444444444444,"#bd3786"],[0.5555555555555556,"#d8576b"],[0.6666666666666666,"#ed7953"],[0.7777777777777778,"#fb9f3a"],[0.8888888888888888,"#fdca26"],[1.0,"#f0f921"]]}],"choropleth":[{"type":"choropleth","colorbar":{"outlinewidth":0,"ticks":""}}],"histogram2d":[{"type":"histogram2d","colorbar":{"outlinewidth":0,"ticks":""},"colorscale":[[0.0,"#0d0887"],[0.1111111111111111,"#46039f"],[0.2222222222222222,"#7201a8"],[0.3333333333333333,"#9c179e"],[0.4444444444444444,"#bd3786"],[0.5555555555555556,"#d8576b"],[0.6666666666666666,"#ed7953"],[0.7777777777777778,"#fb9f3a"],[0.8888888888888888,"#fdca26"],[1.0,"#f0f921"]]}],"heatmap":[{"type":"heatmap","colorbar":{"outlinewidth":0,"ticks":""},"colorscale":[[0.0,"#0d0887"],[0.1111111111111111,"#46039f"],[0.2222222222222222,"#7201a8"],[0.3333333333333333,"#9c179e"],[0.4444444444444444,"#bd3786"],[0.5555555555555556,"#d8576b"],[0.6666666666666666,"#ed7953"],[0.7777777777777778,"#fb9f3a"],[0.8888888888888888,"#fdca26"],[1.0,"#f0f921"]]}],"heatmapgl":[{"type":"heatmapgl","colorbar":{"outlinewidth":0,"ticks":""},"colorscale":[[0.0,"#0d0887"],[0.1111111111111111,"#46039f"],[0.2222222222222222,"#7201a8"],[0.3333333333333333,"#9c179e"],[0.4444444444444444,"#bd3786"],[0.5555555555555556,"#d8576b"],[0.6666666666666666,"#ed7953"],[0.7777777777777778,"#fb9f3a"],[0.8888888888888888,"#fdca26"],[1.0,"#f0f921"]]}],"contourcarpet":[{"type":"contourcarpet","colorbar":{"outlinewidth":0,"ticks":""}}],"contour":[{"type":"contour","colorbar":{"outlinewidth":0,"ticks":""},"colorscale":[[0.0,"#0d0887"],[0.1111111111111111,"#46039f"],[0.2222222222222222,"#7201a8"],[0.3333333333333333,"#9c179e"],[0.4444444444444444,"#bd3786"],[0.5555555555555556,"#d8576b"],[0.6666666666666666,"#ed7953"],[0.7777777777777778,"#fb9f3a"],[0.8888888888888888,"#fdca26"],[1.0,"#f0f921"]]}],"surface":[{"type":"surface","colorbar":{"outlinewidth":0,"ticks":""},