{"data":[{"close":[1.981898307800293,1.9918575286865234,1.9868779182434082,1.981898307800293,1.9918575286865234,1.981898307800293,1.9769185781478882,1.9769185781478882,1.9769185781478882,1.9868779182434082,1.981898307800293,1.9669593572616577,1.9769185781478882,1.981898307800293,1.981898307800293,1.981898307800293,1.971938967704773,1.9669593572616577,1.9619797468185425,1.9669593572616577,1.9769185781478882,1.971938967704773,1.9619797468185425,1.9619797468185425,1.9520204067230225,1.9619797468185425,1.932101845741272,1.9619797468185425,1.9669593572616577,1.9570000171661377,1.965000033378601,1.9550000429153442,1.9500000476837158,1.940000057220459,1.9299999475479126,1.9700000286102295,1.9550000429153442,1.9550000429153442,1.9450000524520874,1.9500000476837158,1.9500000476837158,1.9450000524520874,1.965000033378601,1.9700000286102295,1.975000023841858,1.975000023841858,1.9800000190734863,1.9874999523162842,1.9900000095367432],"high":[2.001816864666794,1.9918575286865234,1.9918575573879196,1.9868779470169182,1.9918575286865234,1.9918575862335435,1.9868778561255434,1.9769185781478882,1.991857495114371,1.9868779182434082,1.981898307800293,1.9818982746617457,1.9769185781478882,1.981898307800293,1.981898307800293,1.981898307800293,1.9818982458265981,1.9769186355283832,1.9719390252309037,1.9669593572616577,1.9769185781478882,1.9769186067656856,1.9719390252309037,1.9719390252309037,1.9619796848206739,1.9619797468185425,1.9619796799602087,1.9619797468185425,1.9669593572616577,1.966959295118213,1.965000033378601,1.965000033378601,1.965000033378601,1.9600000381469727,1.9500000476837158,1.9700000286102295,1.975000023841858,1.9600000381469727,1.9600000381469727,1.9500000476837158,1.9500000476837158,1.965000033378601,1.965000033378601,1.9700000286102295,1.975000023841858,1.9950000047683716,1.9900000095367432,1.9869999885559082,1.9950000047683716],"low":[1.981898307800293,1.9769186114682498,1.9769186399543857,1.9769186685836675,1.9818982505410077,1.9719390293670422,1.9719389391590607,1.9719389391590607,1.9769185781478882,1.9769186399543857,1.966959390150417,1.9669593572616577,1.966959300170233,1.9719390293670422,1.9769186685836675,1.9769186685836675,1.971938967704773,1.9669593572616577,1.9619797468185425,1.958991910903485,1.9619796611814055,1.9520204114611224,1.9619797468185425,1.9520204684061815,1.9520204067230225,1.947040829200001,1.932101845741272,1.9321019115814595,1.9420611615948442,1.9470407392140623,1.9470000267028809,1.9550000429153442,1.940000057220459,1.940000057220459,1.9299999475479126,1.940000057220459,1.9500000476837158,1.9450000524520874,1.9450000524520874,1.9249999523162842,1.934999942779541,1.9450000524520874,1.9500000476837158,1.9600000381469727,1.9600000381469727,1.965000033378601,1.975000023841858,1.9850000143051147,1.9850000143051147],"open":[2.001816864666794,1.9918575286865234,1.9918575573879196,1.981898307800293,1.9868778896137655,1.981898307800293,1.9818982171367159,1.9769185781478882,1.9818982171367159,1.981898279098897,1.9769186685836675,1.9719389963950205,1.9719389391590607,1.981898307800293,1.981898307800293,1.981898307800293,1.9818982458265981,1.9719389963950205,1.9669593860247232,1.9669593572616577,1.9619796611814055,1.971938967704773,1.9669593860247232,1.9669593860247232,1.9619796848206739,1.9520204684061815,1.9619796799602087,1.9321019115814595,1.9570000789949322,1.966959295118213,1.965000033378601,1.965000033378601,1.9600000381469727,1.9550000429153442,1.9299999475479126,1.940000057220459,1.965000033378601,1.9550000429153442,1.9550000429153442,1.9450000524520874,1.9450000524520874,1.9500000476837158,1.9500000476837158,1.9600000381469727,1.9600000381469727,1.965000033378601,1.9800000190734863,1.9850000143051147,1.9900000095367432],"showlegend":false,"x":["2024-10-16T00:00:00+11:00","2024-10-17T00:00:00+11:00","2024-10-18T00:00:00+11:00","2024-10-21T00:00:00+11:00","2024-10-22T00:00:00+11:00","2024-10-23T00:00:00+11:00","2024-10-24T00:00:00+11:00","2024-10-25T00:00:00+11:00","2024-10-28T00:00:00+11:00","2024-10-29T00:00:00+11:00","2024-10-31T00:00:00+11:00","2024-11-01T00:00:00+11:00","2024-11-04T00:00:00+11:00","2024-11-06T00:00:00+11:00","2024-11-07T00:00:00+11:00","2024-11-08T00:00:00+11:00","2024-11-11T00:00:00+11:00","2024-11-12T00:00:00+11:00","2024-11-13T00:00:00+11:00","2024-11-14T00:00:00+11:00","2024-11-15T00:00:00+11:00","2024-11-18T00:00:00+11:00","2024-11-19T00:00:00+11:00","2024-11-20T00:00:00+11:00","2024-11-21T00:00:00+11:00","2024-11-22T00:00:00+11:00","2024-11-25T00:00:00+11:00","2024-11-26T00:00:00+11:00","2024-11-27T00:00:00+11:00","2024-11-28T00:00:00+11:00","2024-11-29T00:00:00+11:00","2024-12-02T00:00:00+11:00","2024-12-03T00:00:00+11:00","2024-12-04T00:00:00+11:00","2024-12-05T00:00:00+11:00","2024-12-06T00:00:00+11:00","2024-12-09T00:00:00+11:00","2024-12-10T00:00:00+11:00","2024-12-11T00:00:00+11:00","2024-12-12T00:00:00+11:00","2024-12-13T00:00:00+11:00","2024-12-16T00:00:00+11:00","2024-12-17T00:00:00+11:00","2024-12-18T00:00:00+11:00","2024-12-19T00:00:00+11:00","2024-12-20T00:00:00+11:00","2024-12-23T00:00:00+11:00","2024-12-24T00:00:00+11:00","2024-12-27T00:00:00+11:00"],"type":"candlestick","xaxis":"x","yaxis":"y2"},{"showlegend":false,"x":["2024-10-16T00:00:00+11:00","2024-10-17T00:00:00+11:00","2024-10-18T00:00:00+11:00","2024-10-21T00:00:00+11:00","2024-10-22T00:00:00+11:00","2024-10-23T00:00:00+11:00","2024-10-24T00:00:00+11:00","2024-10-25T00:00:00+11:00","2024-10-28T00:00:00+11:00","2024-10-29T00:00:00+11:00","2024-10-31T00:00:00+11:00","2024-11-01T00:00:00+11:00","2024-11-04T00:00:00+11:00","2024-11-06T00:00:00+11:00","2024-11-07T00:00:00+11:00","2024-11-08T00:00:00+11:00","2024-11-11T00:00:00+11:00","2024-11-12T00:00:00+11:00","2024-11-13T00:00:00+11:00","2024-11-14T00:00:00+11:00","2024-11-15T00:00:00+11:00","2024-11-18T00:00:00+11:00","2024-11-19T00:00:00+11:00","2024-11-20T00:00:00+11:00","2024-11-21T00:00:00+11:00","2024-11-22T00:00:00+11:00","2024-11-25T00:00:00+11:00","2024-11-26T00:00:00+11:00","2024-11-27T00:00:00+11:00","2024-11-28T00:00:00+11:00","2024-11-29T00:00:00+11:00","2024-12-02T00:00:00+11:00","2024-12-03T00:00:00+11:00","2024-12-04T00:00:00+11:00","2024-12-05T00:00:00+11:00","2024-12-06T00:00:00+11:00","2024-12-09T00:00:00+11:00","2024-12-10T00:00:00+11:00","2024-12-11T00:00:00+11:00","2024-12-12T00:00:00+11:00","2024-12-13T00:00:00+11:00","2024-12-16T00:00:00+11:00","2024-12-17T00:00:00+11:00","2024-12-18T00:00:00+11:00","2024-12-19T00:00:00+11:00","2024-12-20T00:00:00+11:00","2024-12-23T00:00:00+11:00","2024-12-24T00:00:00+11:00","2024-12-27T00:00:00+11:00"],"y":[1267660,617605,323926,271506,396877,312207,243864,242309,479671,418192,460823,301983,196324,105264,329864,187816,184354,104895,143177,188518,159276,293406,110202,223960,107014,226688,401704,181807,265149,146066,72201,69746,222288,197340,141875,542445,325375,206981,217728,168732,115048,120867,286289,105244,143285,209524,134527,19728,79202],"type":"bar","xaxis":"x","yaxis":"y"}],"layout":{"template":{"data":{"histogram2dcontour":[{"type":"histogram2dcontour","colorbar":{"outlinewidth":0,"ticks":""},"colorscale":[[0.0,"#0d0887"],[0.1111111111111111,"#46039f"],[0.2222222222222222,"#7201a8"],[0.3333333333333333,"#9c179e"],[0.4444444444444444,"#bd3786"],[0.5555555555555556,"#d8576b"],[0.6666666666666666,"#ed7953"],[0.7777777777777778,"#fb9f3a"],[0.8888888888888888,"#fdca26"],[1.0,"#f0f921"]]}],"choropleth":[{"type":"choropleth","colorbar":{"outlinewidth":0,"ticks":""}}],"histogram2d":[{"type":"histogram2d","colorbar":{"outlinewidth":0,"ticks":""},"colorscale":[[0.0,"#0d0887"],[0.1111111111111111,"#46039f"],[0.2222222222222222,"#7201a8"],[0.3333333333333333,"#9c179e"],[0.4444444444444444,"#bd3786"],[0.5555555555555556,"#d8576b"],[0.6666666666666666,"#ed7953"],[0.7777777777777778,"#fb9f3a"],[0.8888888888888888,"#fdca26"],[1.0,"#f0f921"]]}],"heatmap":[{"type":"heatmap","colorbar":{"outlinewidth":0,"ticks":""},