{"data":[{"close":[0.20000000298023224,0.1899999976158142,0.20499999821186066,0.20499999821186066,0.2150000035762787,0.23000000417232513,0.23000000417232513,0.23000000417232513,0.23999999463558197,0.22499999403953552,0.22499999403953552,0.2150000035762787,0.2150000035762787,0.20000000298023224,0.20999999344348907,0.20499999821186066,0.20499999821186066,0.20000000298023224,0.19499999284744263,0.1899999976158142,0.1899999976158142,0.1899999976158142,0.1899999976158142,0.20000000298023224,0.1850000023841858,0.20000000298023224,0.1899999976158142,0.20000000298023224,0.1850000023841858,0.1899999976158142,0.1899999976158142,0.1899999976158142,0.1899999976158142,0.1899999976158142,0.1850000023841858,0.17499999701976776,0.17499999701976776,0.1850000023841858,0.17499999701976776,0.18000000715255737,0.17499999701976776,0.1599999964237213,0.17000000178813934,0.17499999701976776,0.17000000178813934,0.17499999701976776,0.1850000023841858,0.18000000715255737,0.16500000655651093,0.17499999701976776,0.17000000178813934,0.16500000655651093,0.16500000655651093,0.16500000655651093,0.16500000655651093,0.17000000178813934],"high":[0.20000000298023224,0.20000000298023224,0.20499999821186066,0.20499999821186066,0.2150000035762787,0.23000000417232513,0.24500000476837158,0.23499999940395355,0.23999999463558197,0.23999999463558197,0.23499999940395355,0.23000000417232513,0.2199999988079071,0.20999999344348907,0.20999999344348907,0.20999999344348907,0.2150000035762787,0.20499999821186066,0.20200000703334808,0.20000000298023224,0.19200000166893005,0.19499999284744263,0.19200000166893005,0.20999999344348907,0.20000000298023224,0.20000000298023224,0.20499999821186066,0.20499999821186066,0.20499999821186066,0.19499999284744263,0.19499999284744263,0.19499999284744263,0.20499999821186066,0.19499999284744263,0.1899999976158142,0.1899999976158142,0.18199999630451202,0.18700000643730164,0.1850000023841858,0.1850000023841858,0.18000000715255737,0.1850000023841858,0.17499999701976776,0.18000000715255737,0.17000000178813934,0.17499999701976776,0.1850000023841858,0.18000000715255737,0.18000000715255737,0.18000000715255737,0.18000000715255737,0.17499999701976776,0.17000000178813934,0.17000000178813934,0.16500000655651093,0.17499999701976776],"low":[0.1899999976158142,0.1899999976158142,0.19499999284744263,0.20000000298023224,0.20499999821186066,0.2150000035762787,0.23000000417232513,0.2199999988079071,0.23000000417232513,0.22499999403953552,0.22499999403953552,0.2150000035762787,0.19499999284744263,0.19499999284744263,0.20000000298023224,0.20499999821186066,0.20000000298023224,0.20000000298023224,0.19499999284744263,0.1899999976158142,0.1899999976158142,0.1850000023841858,0.1899999976158142,0.19499999284744263,0.1850000023841858,0.1899999976158142,0.1899999976158142,0.19499999284744263,0.1850000023841858,0.1899999976158142,0.1899999976158142,0.1850000023841858,0.1899999976158142,0.1899999976158142,0.1850000023841858,0.17499999701976776,0.17499999701976776,0.18000000715255737,0.17499999701976776,0.17499999701976776,0.17499999701976776,0.1599999964237213,0.16500000655651093,0.17000000178813934,0.16500000655651093,0.16500000655651093,0.17499999701976776,0.17499999701976776,0.16500000655651093,0.17000000178813934,0.16500000655651093,0.16500000655651093,0.16500000655651093,0.16500000655651093,0.1599999964237213,0.16500000655651093],"open":[0.1899999976158142,0.19499999284744263,0.20000000298023224,0.20499999821186066,0.20499999821186066,0.2150000035762787,0.23000000417232513,0.23499999940395355,0.23000000417232513,0.23999999463558197,0.23000000417232513,0.22499999403953552,0.2150000035762787,0.20499999821186066,0.20000000298023224,0.20499999821186066,0.20999999344348907,0.20499999821186066,0.20000000298023224,0.19499999284744263,0.1899999976158142,0.19499999284744263,0.1899999976158142,0.20000000298023224,0.20000000298023224,0.1899999976158142,0.20499999821186066,0.20000000298023224,0.20000000298023224,0.1899999976158142,0.19499999284744263,0.1899999976158142,0.19499999284744263,0.19499999284744263,0.1899999976158142,0.1850000023841858,0.18000000715255737,0.18000000715255737,0.18000000715255737,0.17499999701976776,0.18000000715255737,0.1850000023841858,0.16500000655651093,0.17499999701976776,0.17000000178813934,0.17000000178813934,0.18000000715255737,0.18000000715255737,0.17000000178813934,0.17000000178813934,0.17000000178813934,0.17000000178813934,0.17000000178813934,0.17000000178813934,0.1599999964237213,0.16500000655651093],"showlegend":false,"x":["2024-10-07T00:00:00+11:00","2024-10-08T00:00:00+11:00","2024-10-09T00:00:00+11:00","2024-10-10T00:00:00+11:00","2024-10-11T00:00:00+11:00","2024-10-14T00:00:00+11:00","2024-10-15T00:00:00+11:00","2024-10-16T00:00:00+11:00","2024-10-17T00:00:00+11:00","2024-10-18T00:00:00+11:00","2024-10-21T00:00:00+11:00","2024-10-22T00:00:00+11:00","2024-10-23T00:00:00+11:00","2024-10-24T00:00:00+11:00","2024-10-25T00:00:00+11:00","2024-10-28T00:00:00+11:00","2024-10-29T00:00:00+11:00","2024-10-31T00:00:00+11:00","2024-11-01T00:00:00+11:00","2024-11-04T00:00:00+11:00","2024-11-06T00:00:00+11:00","2024-11-07T00:00:00+11:00","2024-11-08T00:00:00+11:00","2024-11-11T00:00:00+11:00","2024-11-12T00:00:00+11:00","2024-11-13T00:00:00+11:00","2024-11-14T00:00:00+11:00","2024-11-15T00:00:00+11:00","2024-11-18T00:00:00+11:00","2024-11-19T00:00:00+11:00","2024-11-20T00:00:00+11:00","2024-11-21T00:00:00+11:00","2024-11-22T00:00:00+11:00","2024-11-25T00:00:00+11:00","2024-11-26T00:00:00+11:00","2024-11-27T00:00:00+11:00","2024-11-28T00:00:00+11:00","2024-11-29T00:00:00+11:00","2024-12-02T00:00:00+11:00","2024-12-03T00:00:00+11:00","2024-12-04T00:00:00+11:00","2024-12-05T00:00:00+11:00","2024-12-06T00:00:00+11:00","2024-12-09T00:00:00+11:00","2024-12-10T00:00:00+11:00","2024-12-11T00:00:00+11:00","2024-12-12T00:00:00+11:00","2024-12-13T00:00:00+11:00","2024-12-16T00:00:00+11:00","2024-12-17T00:00:00+11:00","2024-12-18T00:00:00+11:00","2024-12-19T00:00:00+11:00","2024-12-20T00:00:00+11:00","2024-12-23T00:00:00+11:00","2024-12-24T00:00:00+11:00","2024-12-27T00:00:00+11:00"],"type":"candlestick","xaxis":"x","yaxis":"y2"},{"showlegend":false,"x":["2024-10-07T00:00:00+11:00","2024-10-08T00:00:00+11:00","2024-10-09T00:00:00+11:00","2024-10-10T00:00:00+11:00","2024-10-11T00:00:00+11:00","2024-10-14T00:00:00+11:00","2024-10-15T00:00:00+11:00","2024-10-16T00:00:00+11:00","2024-10-17T00:00:00+11:00","2024-10-18T00:00:00+11:00","2024-10-21T00:00:00+11:00","2024-10-22T00:00:00+11:00","2024-10-23T00:00:00+11:00","2024-10-24T00:00:00+11:00","2024-10-25T00:00:00+11:00","2024-10-28T00:00:00+11:00","2024-10-29T00:00:00+11:00","2024-10-31T00:00:00+11:00","2024-11-01T00:00:00+11:00","2024-11-04T00:00:00+11:00","2024-11-06T00:00:00+11:00","2024-11-07T00:00:00+11:00","2024-11-08T00:00:00+11:00","2024-11-11T00:00:00+11:00","2024-11-12T00:00:00+11:00","2024-11-13T00:00:00+11:00","2024-11-14T00:00:00+11:00","2024-11-15T00:00:00+11:00","2024-11-18T00:00:00+11:00","2024-11-19T00:00:00+11:00","2024-11-20T00:00:00+11:00","2024-11-21T00:00:00+11:00","2024-11-22T00:00:00+11:00","2024-11-25T00:00:00+11:00","2024-11-26T00:00:00+11:00","2024-11-27T00:00:00+11:00","2024-11-28T00:00:00+11:00","2024-11-29T00:00:00+11:00","2024-12-02T00:00:00+11:00","2024-12-03T00:00:00+11:00","2024-12-04T00:00:00+11:00","2024-12-05T00:00:00+11:00","2024-12-06T00:00:00+11:00","2024-12-09T00:00:00+11:00","2024-12-10T00:00:00+11:00","2024-12-11T00:00:00+11:00","2024-12-12T00:00:00+11:00","2024-12-13T00:00:00+11:00","2024-12-16T00:00:00+11:00","2024-12-17T00:00:00+11:00","2024-12-18T00:00:00+11:00","2024-12-19T00:00:00+11:00","2024-12-20T00:00:00+11:00","2024-12-23T00:00:00+11:00","2024-12-24T00:00:00+11:00","2024-12-27T00:00:00+11:00"],