{"data":[{"close":[2.036752939224243,2.0169787406921387,2.0169787406921387,2.007091522216797,2.007091522216797,1.9972041845321655,2.0268657207489014,2.036752939224243,2.036752939224243,2.0268657207489014,2.0268657207489014,2.0268657207489014,2.007091522216797,2.007091522216797,2.0169787406921387,2.007091522216797,2.007091522216797,2.007091522216797,2.0268657207489014,2.0268657207489014,2.0763015747070312,2.0664143562316895,2.0565271377563477,2.046640157699585,2.0565271377563477,2.0565271377563477,2.0565271377563477,2.036752939224243,2.0268657207489014,2.0582869052886963,2.0781736373901367,2.028456687927246,2.0185132026672363,2.0185132026672363,2.028456687927246,2.0185132026672363,2.0383999347686768,2.0185132026672363,2.0383999347686768,2.0383999347686768,2.0383999347686768,2.0383999347686768,2.0383999347686768,2.028456687927246,2.028456687927246,2.0085697174072266,2.028456687927246,2.028456687927246,2.0185132026672363,2.028456687927246,2.0383999347686768,2.0199999809265137,2.0199999809265137,2.0299999713897705,2.049999952316284,2.049999952316284,2.049999952316284,2.0299999713897705,2.009999990463257,2.009999990463257,2.059999942779541,1.9700000286102295,2.0199999809265137,2.0199999809265137,2.0,2.0,2.0,1.975000023841858,null,null,null,2.009999990463257],"high":[2.0763015033679313,2.026865882137569,2.026865882137569,2.0268658043487426,2.01697866328277,2.016978464717394,2.0367528614070705,2.036752939224243,2.036752939224243,2.0268657207489014,2.0466400020652395,2.0268657207489014,2.0268658043487426,2.0367529454147157,2.036753023582999,2.0367529454147157,2.0268658043487426,2.0268658043487426,2.0268657207489014,2.0367528614070705,2.0763015747070312,2.0763014972384233,2.0565271377563477,2.0565272991096104,2.0565271377563477,2.076301419024926,2.076301419024926,2.0763015033679313,2.0763014240397473,2.0881171228065623,2.0781736373901367,2.068230311287467,2.0483434190137095,2.038400013564885,2.0384000937673012,2.038400013564885,2.0483433398331297,2.068230229911358,2.0383999347686768,2.0383999347686768,2.0383999347686768,2.078173555026489,2.0582867448975826,2.0384000937673012,2.028456687927246,2.0284565275146664,2.028456687927246,2.0384000937673012,2.038400013564885,2.0384000937673012,2.0483433398331297,2.0399999618530273,2.0399999618530273,2.0299999713897705,2.049999952316284,2.049999952316284,2.049999952316284,2.049999952316284,2.049999952316284,2.009999990463257,2.059999942779541,2.059999942779541,2.0199999809265137,2.0199999809265137,2.009999990463257,2.0,2.0,1.9900000095367432,null,null,null,2.0299999713897705],"low":[1.9873172340446326,1.9972044578012782,2.0169787406921387,2.007091522216797,1.987317240084851,1.9972041845321655,1.9972042987743939,2.026865798188321,2.0070915161164766,2.0169785800907323,2.0169785800907323,2.0268657207489014,2.007091522216797,2.007091522216797,2.0169787406921387,2.007091522216797,1.997204381150824,2.007091522216797,2.0169785800907323,2.0169785800907323,2.0268658678288722,2.0664143562316895,2.0367528564877695,2.046640157699585,2.0466399971220586,2.0367528564877695,2.0367528564877695,2.036752939224243,2.0268657207489014,2.0384000936101194,2.0682302319315995,2.028456687927246,2.0185132026672363,1.9389659590766413,2.0085698762471353,2.0185132026672363,2.0383999347686768,2.0185132026672363,2.018513124639771,2.028456529704224,2.0383999347686768,2.0383999347686768,2.028456529704224,2.028456687927246,1.9787396587269694,2.0085697174072266,2.0085698762471353,2.018513282087191,2.0185132026672363,2.028456687927246,2.028456529704224,2.0199999809265137,2.0199999809265137,1.9800000190734863,2.0399999618530273,1.934999942779541,2.0299999713897705,2.0299999713897705,2.009999990463257,2.009999990463257,1.9700000286102295,1.9500000476837158,1.9800000190734863,1.9700000286102295,1.9850000143051147,1.9900000095367432,1.9700000286102295,1.975000023841858,null,null,null,2.0],"open":[2.0070915161164766,2.026865882137569,2.0169787406921387,2.01697866328277,2.007091522216797,2.0070913246247795,1.9972042987743939,2.026865798188321,2.036752939224243,2.0268657207489014,2.0268657207489014,2.0268657207489014,2.01697866328277,2.007091522216797,2.026865882137569,2.0268658043487426,2.0268658043487426,2.0268658043487426,2.0169785800907323,2.0268657207489014,2.0367530092045043,2.0763014972384233,2.0466399971220586,2.0565272991096104,2.0466399971220586,2.0565271377563477,2.0565271377563477,2.0565272212960872,2.056527142723409,2.0384000936101194,2.0682302319315995,2.068230311287467,2.0483434190137095,2.038400013564885,2.0085698762471353,2.038400013564885,2.0383999347686768,2.038400013564885,2.018513124639771,2.028456529704224,2.0383999347686768,2.0383999347686768,2.0533151609000946,2.0384000937673012,2.028456687927246,2.0085697174072266,2.0085698762471353,2.0384000937673012,2.0284566081160604,2.0384000937673012,2.0383999347686768,2.0299999713897705,2.0299999713897705,2.0199999809265137,2.0399999618530273,2.0299999713897705,2.049999952316284,2.0399999618530273,2.049999952316284,2.009999990463257,2.0399999618530273,2.059999942779541,2.0,2.009999990463257,2.009999990463257,1.9900000095367432,2.0,1.975000023841858,null,null,null,2.0299999713897705],"showlegend":false,"x":["2024-06-21T00:00:00+10:00","2024-06-24T00:00:00+10:00","2024-06-25T00:00:00+10:00","2024-06-26T00:00:00+10:00","2024-06-27T00:00:00+10:00","2024-06-28T00:00:00+10:00","2024-07-01T00:00:00+10:00","2024-07-02T00:00:00+10:00","2024-07-03T00:00:00+10:00","2024-07-04T00:00:00+10:00","2024-07-05T00:00:00+10:00","2024-07-08T00:00:00+10:00","2024-07-09T00:00:00+10:00","2024-07-10T00:00:00+10:00","2024-07-11T00:00:00+10:00","2024-07-12T00:00:00+10:00","2024-07-15T00:00:00+10:00","2024-07-16T00:00:00+10:00","2024-07-17T00:00:00+10:00","2024-07-18T00:00:00+10:00","2024-07-19T00:00:00+10:00","2024-07-22T00:00:00+10:00","2024-07-23T00:00:00+10:00","2024-07-24T00:00:00+10:00","2024-07-25T00:00:00+10:00","2024-07-26T00:00:00+10:00","2024-07-29T00:00:00+10:00","2024-07-30T00:00:00+10:00","2024-07-31T00:00:00+10:00","2024-08-01T00:00:00+10:00","2024-08-02T00:00:00+10:00","2024-08-05T00:00:00+10:00","2024-08-06T00:00:00+10:00","2024-08-07T00:00:00+10:00","2024-08-08T00:00:00+10:00","2024-08-09T00:00:00+10:00","2024-08-12T00:00:00+10:00","2024-08-13T00:00:00+10:00","2024-08-14T00:00:00+10:00","2024-08-15T00:00:00+10:00","2024-08-16T00:00:00+10:00","2024-08-19T00:00:00+10:00","2024-08-20T00:00:00+10:00","2024-08-21T00:00:00+10:00","2024-08-22T00:00:00+10:00","2024-08-23T00:00:00+10:00","2024-08-26T00:00:00+10:00","2024-08-27T00:00:00+10:00","2024-08-28T00:00:00+10:00","2024-08-29T00:00:00+10:00","2024-08-30T00:00:00+10:00","2024-09-02T00:00:00+10:00","2024-09-03T00:00:00+10:00","2024-09-04T00:00:00+10:00","2024-09-05T00:00:00+10:00","2024-09-06T00:00:00+10:00","2024-09-09T00:00:00+10:00","2024-09-10T00:00:00+10:00","2024-09-11T00:00:00+10:00","2024-09-12T00:00:00+10:00","2024-09-13T00:00:00+10:00","2024-09-16T00:00:00+10:00","2024-09-17T00:00:00+10:00","2024-09-18T00:00:00+10:00","2024-09-19T00:00:00+10:00","2024-09-20T00:00:00+10:00","2024-09-23T00:00:00+10:00","2024-09-24T00:00:00+10:00","2024-10-01T00:00:00+10:00","2024-11-01T00:00:00+11:00","2024-12-02T00:00:00+11:00","2024-12-27T00:00:00+11:00"],"type":"candlestick","xaxis":"x","yaxis":"y2"},{"showlegend":false,